customer_id,first_name,last_name,email,phone_number,city,age,registration_date
1,kagiso,Mokoena, kagiso.mokoena@gmail.com ,27650535682,Johannesburg,50,19/01/2025
2,Naledi,NKOSI,naledi.nkosi93icloud.com,+27631734710,Mbombela,21,2019-10-10
3,AYANDA,pillay,ayanda.pillay554gmail.com,0697026737,POLOKWANE,11,"May 07, 2025"
4,Nomsa,KHUMALO, nomsa.khumalo@outlook.com ,27794123051,Pretoria,12,2023-04-13
5,MPHO,Van Der Merwe, mpho.van der merwe@outlook.com ,+27840966023,Gqeberha,,24/04/2024
6,Naledi,dlamini,naledi.dlamini783@outlook.com,,CAPE TOWN,,"Sep 13, 2020"
7,Tshepo,NKOSI,tshepo.nkosi749@outlook.com,27807120201,Johannesburg,47,2019-03-02
8,Sibusiso,dlamini,sibusiso.dlamini787outlook.com,,east london,,"Jul 06, 2021"
9,AYANDA,Mokoena, ayanda.mokoena@outlook.com ,0792613800,durban,23,"Jun 01, 2023"
10,Nomsa,dlamini, nomsa.dlamini@yahoo.com ,0751360407,Mbombela,15,01/09/2019
11,lerato,mabaso,lerato.mabaso468@icloud.com,+27813712004,east london,58,2023-11-18
12,Nomsa,KHUMALO,nomsa.khumalo113outlook.com,0654964628,Gqeberha,15,2025-09-24
13,Bongani,naidoo, bongani.naidoo@yahoo.com ,,CAPE TOWN,,18/08/2020
14,AYANDA,NKOSI,ayanda.nkosi105outlook.com,+27742140275,Pretoria,51,"Apr 12, 2018"
15,REFILWE,dlamini,refilwe.dlamini@,27878312195,durban,13,"Dec 11, 2019"
16,kagiso,PRETORIUS,kagiso.pretorius628yahoo.com,0815115782,Gqeberha,15,2025-09-10
17,nokuthula,Van Der Merwe, nokuthula.van der merwe@outlook.com ,27840103529,POLOKWANE,23,22/06/2023
18,Nomsa,BOTHa,nomsa.botha495gmail.com,+27857415335,Mbombela,,06/01/2024
19,nokuthula,PRETORIUS,nokuthula.pretorius@,,CAPE TOWN,64,2024-08-04
20,lerato,Jacobs, lerato.jacobs@yahoo.com ,0788123602,Johannesburg,11,15/06/2024
21,Bongani,naidoo,bongani.naidoo29outlook.com,0757285274,POLOKWANE,34,"May 02, 2025"
22,kagiso,KHUMALO, kagiso.khumalo@yahoo.com ,+27885521354,east london,12,2025-12-21
23,lerato,Mokoena, lerato.mokoena@gmail.com ,,CAPE TOWN,74,15/11/2023
24,Thabo,NKOSI, thabo.nkosi@gmail.com ,0837967169,Bloemfontein,17,"Mar 29, 2023"
25,zanele,Van Der Merwe,zanele.van der merwe861icloud.com,,east london,11,27/04/2023
26,SIPHO,naidoo,sipho.naidoo@,0682917899,Bloemfontein,,"Jul 22, 2023"
27,SIPHO,pillay, sipho.pillay@yahoo.com ,,POLOKWANE,,2022-06-12
28,PALESA,BOTHa,palesa.botha347@icloud.com,27806343415,Gqeberha,14,2025-04-18
29,REFILWE,naidoo,refilwe.naidoo87@outlook.com,27697469661,durban,16,12/02/2023
30,lerato,mthembu, lerato.mthembu@outlook.com ,0749820432,Mbombela,,"Oct 30, 2025"
31,SIPHO,Van Der Merwe,sipho.vandermerwe623@yahoo.com,,Johannesburg,,2019-01-17
32,Thabo,mthembu,thabo.mthembu961gmail.com,0740603965,Pretoria,14,16/09/2023
33,Sibusiso,mthembu,sibusiso.mthembu278outlook.com,+27609751242,Johannesburg,13,2020-09-10
34,REFILWE,KHUMALO,refilwe.khumalo675@icloud.com,27811036478,Pretoria,32,"Feb 03, 2018"
35,Tshepo,Mokoena, tshepo.mokoena@outlook.com ,+27629199620,Bloemfontein,45,"Jan 25, 2025"
36,Bongani,pillay,bongani.pillay@,,durban,,23/12/2025
37,kagiso,BOTHa,kagiso.botha@,0618493442,POLOKWANE,,2021-09-26
38,Sibusiso,Van Der Merwe,sibusiso.van der merwe255gmail.com,0741824480,Mbombela,,06/10/2025
39,AYANDA,PRETORIUS,ayanda.pretorius87yahoo.com,0775092261,Bloemfontein,64,"Dec 31, 2017"
40,Tshepo,pillay,tshepo.pillay932gmail.com,+27723448484,durban,58,17/10/2021
41,zanele,dlamini,zanele.dlamini642@yahoo.com,,CAPE TOWN,11,2020-02-13
42,PALESA,mabaso, palesa.mabaso@outlook.com ,0742570487,Pretoria,,2021-09-23
43,Sibusiso,PRETORIUS,sibusiso.pretorius@,0706456200,POLOKWANE,14,2019-08-26
44,Thabo,KHUMALO,thabo.khumalo498@outlook.com,27862859682,Gqeberha,,2020-10-14
45,REFILWE,mthembu,refilwe.mthembu320gmail.com,,CAPE TOWN,,2021-09-05
46,REFILWE,naidoo,refilwe.naidoo596@gmail.com,27740557616,durban,56,17/02/2018
47,Nomsa,KHUMALO, nomsa.khumalo@icloud.com ,,east london,14,09/06/2024
48,kagiso,pillay,kagiso.pillay@,27600934896,POLOKWANE,71,"Oct 28, 2023"
49,Thabo,mabaso,thabo.mabaso@,,Mbombela,,20/03/2021
50,Bongani,dlamini,bongani.dlamini@,0627711941,Pretoria,16,2022-06-24
51,nokuthula,BOTHa, nokuthula.botha@gmail.com ,0897508615,CAPE TOWN,,2019-02-14
52,Tshepo,Van Der Merwe, tshepo.van der merwe@gmail.com ,,Mbombela,,"Feb 24, 2023"
53,PALESA,PRETORIUS,palesa.pretorius@,,Gqeberha,60,"Feb 21, 2024"
54,lerato,NKOSI,lerato.nkosi513icloud.com,27843195047,east london,12,2023-11-10
55,SIPHO,Mokoena,sipho.mokoena@,0648905903,POLOKWANE,34,22/05/2021
56,Naledi,mabaso,naledi.mabaso386outlook.com,27867440043,POLOKWANE,26,2022-12-23
57,Naledi,pillay, naledi.pillay@icloud.com ,+27767512320,Mbombela,17,2020-07-10
58,SIPHO,pillay, sipho.pillay@icloud.com ,0658543627,durban,11,"Feb 26, 2018"
59,Bongani,KHUMALO,bongani.khumalo565@gmail.com,+27600733387,Bloemfontein,14,18/11/2018
60,PALESA,NKOSI,palesa.nkosi73@outlook.com,27808349911,Pretoria,68,28/12/2019
61,Sibusiso,Van Der Merwe,sibusiso.van der merwe@,0855177011,Gqeberha,,"Feb 11, 2018"
62,AYANDA,dlamini,ayanda.dlamini199@icloud.com,0643535973,Mbombela,,"Aug 20, 2025"
63,kagiso,mabaso, kagiso.mabaso@outlook.com ,27603625739,Gqeberha,,09/10/2023
64,nokuthula,naidoo,nokuthula.naidoo477yahoo.com,,durban,,"May 04, 2021"
65,Thabo,Jacobs,thabo.jacobs945icloud.com,0714326167,Mbombela,21,09/08/2021
66,REFILWE,mabaso,refilwe.mabaso@,27688923938,Pretoria,29,"Jul 09, 2022"
67,PALESA,pillay,palesa.pillay@,+27778078732,Johannesburg,23,28/01/2022
68,REFILWE,NKOSI,refilwe.nkosi390outlook.com,+27765731627,east london,15,2021-01-04
69,kagiso,BOTHa, kagiso.botha@gmail.com ,+27820547553,Mbombela,20,28/04/2025
70,Nomsa,mabaso,nomsa.mabaso921@outlook.com,+27794870338,Bloemfontein,,2022-09-06
71,PALESA,Jacobs,palesa.jacobs25@yahoo.com,,Bloemfontein,45,2020-06-13
72,Thabo,mabaso,thabo.mabaso@,27775986182,east london,11,21/10/2023
73,nokuthula,Mokoena,nokuthula.mokoena418gmail.com,27896671988,durban,45,"Jan 18, 2023"
74,SIPHO,naidoo,sipho.naidoo432@icloud.com,0692981674,Mbombela,13,"Dec 24, 2019"
75,nokuthula,NKOSI,nokuthula.nkosi@,27743702025,Bloemfontein,65,2021-02-02
76,lerato,naidoo,lerato.naidoo158outlook.com,,Bloemfontein,13,"Nov 21, 2024"
77,Sibusiso,dlamini,sibusiso.dlamini5@icloud.com,+27724078147,Bloemfontein,32,"Nov 22, 2023"
78,Bongani,Jacobs,bongani.jacobs953gmail.com,,Bloemfontein,67,"Nov 13, 2018"
79,PALESA,Jacobs,palesa.jacobs@,27797948898,durban,,"Aug 03, 2025"
80,PALESA,PRETORIUS,palesa.pretorius835gmail.com,0819577461,Bloemfontein,22,"Jun 16, 2020"
81,Sibusiso,NKOSI, sibusiso.nkosi@gmail.com ,+27812223305,durban,,"Nov 03, 2022"
82,AYANDA,pillay,ayanda.pillay320@outlook.com,27609778124,Pretoria,43,13/12/2025
83,REFILWE,Mokoena, refilwe.mokoena@gmail.com ,,durban,26,2019-10-31
84,Tshepo,pillay,tshepo.pillay587@outlook.com,27678322392,Bloemfontein,28,18/10/2024
85,Sibusiso,naidoo,sibusiso.naidoo@,27859167178,Johannesburg,56,"Jan 11, 2018"
86,PALESA,Mokoena,palesa.mokoena636icloud.com,0853915892,Johannesburg,,2021-12-27
87,lerato,naidoo,lerato.naidoo43gmail.com,,Gqeberha,14,22/04/2021
88,MPHO,naidoo, mpho.naidoo@icloud.com ,,durban,10,12/07/2020
89,Nomsa,KHUMALO, nomsa.khumalo@yahoo.com ,+27854057435,durban,,27/12/2024
90,zanele,mthembu,zanele.mthembu42@yahoo.com,+27644152813,Johannesburg,16,2024-06-28
91,Bongani,NKOSI,bongani.nkosi199@yahoo.com,0754555255,CAPE TOWN,15,2023-03-10
92,kagiso,Jacobs,kagiso.jacobs@,,Pretoria,14,2020-05-05
93,kagiso,BOTHa,kagiso.botha204@yahoo.com,27749356506,Mbombela,28,2020-01-25
94,Tshepo,BOTHa, tshepo.botha@gmail.com ,27811664796,Bloemfontein,15,18/05/2024
95,kagiso,NKOSI, kagiso.nkosi@yahoo.com ,27759119626,Bloemfontein,15,"Dec 30, 2025"
96,Thabo,naidoo,thabo.naidoo298icloud.com,+27824243982,durban,13,2018-09-10
97,Thabo,dlamini,thabo.dlamini581@outlook.com,27880831139,Gqeberha,16,"Aug 22, 2022"
98,lerato,naidoo,lerato.naidoo@,+27854960970,Pretoria,,2024-12-10
99,Tshepo,Mokoena,tshepo.mokoena@,+27815796813,Gqeberha,15,"Oct 11, 2018"
100,Sibusiso,Jacobs, sibusiso.jacobs@yahoo.com ,+27688636936,Gqeberha,19,2023-05-09
101,Thabo,NKOSI,thabo.nkosi628@yahoo.com,,durban,50,"Aug 26, 2022"
102,Thabo,mabaso, thabo.mabaso@gmail.com ,+27801411814,east london,29,2023-02-01
103,Tshepo,dlamini,tshepo.dlamini344@outlook.com,,Gqeberha,14,2023-08-02
104,REFILWE,mthembu,refilwe.mthembu174@outlook.com,27685462500,Pretoria,,2019-04-11
105,Naledi,PRETORIUS, naledi.pretorius@icloud.com ,,Pretoria,54,"Aug 17, 2021"
106,MPHO,NKOSI,mpho.nkosi149gmail.com,0660072120,POLOKWANE,27,2025-07-20
107,PALESA,PRETORIUS,palesa.pretorius714@gmail.com,0635307458,Gqeberha,11,2021-09-17
108,Nomsa,naidoo,nomsa.naidoo115gmail.com,,CAPE TOWN,11,20/09/2023
109,kagiso,BOTHa, kagiso.botha@outlook.com ,27737815978,Johannesburg,,"Apr 08, 2019"
110,Sibusiso,Van Der Merwe,sibusiso.vandermerwe808@icloud.com,+27616776305,POLOKWANE,10,2019-09-02
111,PALESA,NKOSI,palesa.nkosi@,0834106581,Bloemfontein,66,12/02/2022
112,SIPHO,KHUMALO,sipho.khumalo991icloud.com,0876563825,Bloemfontein,13,03/06/2023
113,lerato,NKOSI,lerato.nkosi503@gmail.com,,Mbombela,,2018-10-10
114,kagiso,naidoo,kagiso.naidoo@,0829813420,Mbombela,,"Aug 05, 2024"
115,MPHO,mabaso,mpho.mabaso357@outlook.com,27841756501,durban,17,"Feb 18, 2023"
116,Nomsa,Mokoena,nomsa.mokoena@,0727743285,Bloemfontein,12,2024-04-08
117,PALESA,BOTHa,palesa.botha@,0726815916,Bloemfontein,64,2018-08-22
118,Nomsa,pillay,nomsa.pillay152outlook.com,0833497510,CAPE TOWN,,14/09/2023
119,Sibusiso,dlamini,sibusiso.dlamini409@icloud.com,,Johannesburg,14,2021-06-24
120,PALESA,naidoo, palesa.naidoo@icloud.com ,+27722709695,east london,,"Dec 21, 2018"
121,SIPHO,pillay,sipho.pillay802icloud.com,,east london,16,"Jun 12, 2018"
122,REFILWE,Mokoena,refilwe.mokoena@,+27605708069,Johannesburg,34,2017-12-26
123,zanele,BOTHa,zanele.botha868@icloud.com,+27890466127,POLOKWANE,,2020-11-22
124,Tshepo,Mokoena, tshepo.mokoena@gmail.com ,27735537207,Mbombela,43,05/03/2025
125,REFILWE,pillay,refilwe.pillay@,27720488490,Mbombela,,2020-11-01
126,lerato,Mokoena,lerato.mokoena830@yahoo.com,27678524598,Mbombela,14,2018-09-25
127,nokuthula,KHUMALO,nokuthula.khumalo@,27801943186,Mbombela,,"Dec 26, 2025"
128,nokuthula,Van Der Merwe,nokuthula.van der merwe@,,east london,11,2021-12-14
129,REFILWE,Van Der Merwe, refilwe.van der merwe@gmail.com ,27675377595,Johannesburg,60,"Mar 18, 2025"
130,AYANDA,Van Der Merwe,ayanda.vandermerwe593@yahoo.com,27842644057,durban,16,"Feb 19, 2024"
131,REFILWE,mabaso,refilwe.mabaso685@outlook.com,+27705962485,east london,11,08/09/2024
132,Naledi,naidoo,naledi.naidoo485icloud.com,,durban,62,2020-06-06
133,zanele,Jacobs,zanele.jacobs165@outlook.com,,POLOKWANE,16,2025-03-04
134,Tshepo,BOTHa,tshepo.botha22@gmail.com,,east london,66,"Aug 17, 2023"
135,Naledi,PRETORIUS,naledi.pretorius347gmail.com,0783240164,Bloemfontein,,"Mar 13, 2023"
136,Thabo,Van Der Merwe,thabo.van der merwe@,27816750732,Gqeberha,35,04/09/2018
137,nokuthula,NKOSI,nokuthula.nkosi@,0770238541,CAPE TOWN,,"Nov 29, 2017"
138,REFILWE,pillay,refilwe.pillay409@outlook.com,0603334333,east london,10,"Dec 03, 2019"
139,Naledi,Jacobs,naledi.jacobs642gmail.com,0621192541,CAPE TOWN,60,2021-04-16
140,REFILWE,PRETORIUS,refilwe.pretorius378@yahoo.com,0738514151,Mbombela,20,"Mar 09, 2021"
141,Tshepo,Jacobs,tshepo.jacobs510@gmail.com,,CAPE TOWN,16,"May 19, 2019"
142,lerato,KHUMALO, lerato.khumalo@gmail.com ,0853506428,Johannesburg,45,"May 08, 2018"
143,SIPHO,NKOSI,sipho.nkosi891gmail.com,27609543993,Pretoria,46,"Nov 30, 2021"
144,PALESA,mabaso,palesa.mabaso748gmail.com,,Bloemfontein,21,2025-05-03
145,REFILWE,PRETORIUS,refilwe.pretorius399@outlook.com,+27767769372,POLOKWANE,,2018-06-05
146,lerato,NKOSI,lerato.nkosi@,,east london,,2022-11-17
147,MPHO,PRETORIUS,mpho.pretorius@,,Pretoria,16,"Oct 19, 2021"
148,nokuthula,naidoo, nokuthula.naidoo@outlook.com ,27741220971,Mbombela,,"Jun 09, 2024"
149,lerato,Van Der Merwe, lerato.van der merwe@outlook.com ,,Mbombela,,2019-03-19
150,Tshepo,pillay, tshepo.pillay@yahoo.com ,,Gqeberha,23,29/05/2023
151,MPHO,mthembu,mpho.mthembu@,0772331696,Pretoria,31,"Dec 28, 2023"
152,AYANDA,BOTHa,ayanda.botha@,0877678956,Johannesburg,49,"Nov 06, 2021"
153,Sibusiso,NKOSI,sibusiso.nkosi324gmail.com,+27785178405,CAPE TOWN,13,"Jul 25, 2020"
154,MPHO,naidoo,mpho.naidoo@,,durban,,2023-10-06
155,Naledi,NKOSI,naledi.nkosi53@gmail.com,,CAPE TOWN,73,2018-02-04
156,AYANDA,BOTHa,ayanda.botha657gmail.com,,durban,13,2023-07-13
157,Thabo,Van Der Merwe,thabo.van der merwe@,+27631823976,Bloemfontein,68,2024-11-19
158,kagiso,dlamini,kagiso.dlamini694outlook.com,27852718761,POLOKWANE,34,24/10/2021
159,Naledi,Mokoena, naledi.mokoena@yahoo.com ,0606772122,Johannesburg,28,29/01/2019
160,REFILWE,mabaso,refilwe.mabaso797icloud.com,+27652069726,east london,39,2020-08-30
161,Tshepo,BOTHa,tshepo.botha340yahoo.com,0696765433,east london,,29/04/2021
162,Nomsa,Mokoena,nomsa.mokoena278@outlook.com,,CAPE TOWN,,2024-09-26
163,zanele,dlamini,zanele.dlamini574icloud.com,0663989166,POLOKWANE,45,2023-05-07
164,Naledi,Van Der Merwe, naledi.van der merwe@yahoo.com ,+27630860610,east london,15,11/06/2024
165,Thabo,mthembu,thabo.mthembu@,+27699761688,Mbombela,14,2023-12-28
166,Bongani,Mokoena,bongani.mokoena729yahoo.com,,Bloemfontein,29,"Feb 24, 2019"
167,PALESA,PRETORIUS,palesa.pretorius597outlook.com,,Johannesburg,,"Nov 09, 2022"
168,Bongani,KHUMALO,bongani.khumalo16@icloud.com,0671555196,durban,54,"Mar 08, 2024"
169,kagiso,Jacobs,kagiso.jacobs365@icloud.com,27664838951,Pretoria,15,"Sep 27, 2021"
170,nokuthula,dlamini,nokuthula.dlamini@,+27657814851,Gqeberha,69,2023-04-15
171,Nomsa,Jacobs,nomsa.jacobs172gmail.com,+27767456966,Johannesburg,,"Oct 26, 2025"
172,Tshepo,Jacobs, tshepo.jacobs@yahoo.com ,+27838484687,durban,20,20/10/2020
173,MPHO,mthembu,mpho.mthembu@,,durban,52,"May 13, 2024"
174,MPHO,KHUMALO, mpho.khumalo@yahoo.com ,+27609936838,Mbombela,,2021-07-10
175,Bongani,BOTHa, bongani.botha@outlook.com ,0628751143,POLOKWANE,16,2018-12-03
176,kagiso,NKOSI,kagiso.nkosi71outlook.com,+27832486866,Pretoria,,"Dec 05, 2020"
177,Thabo,dlamini,thabo.dlamini887@outlook.com,+27746798283,Bloemfontein,,2023-05-13
178,AYANDA,NKOSI,ayanda.nkosi@,+27786591417,Gqeberha,75,"Oct 14, 2020"
179,zanele,Mokoena, zanele.mokoena@gmail.com ,,Bloemfontein,13,"Jan 12, 2025"
180,zanele,Van Der Merwe, zanele.van der merwe@yahoo.com ,27894513491,east london,14,28/08/2020
181,Bongani,Van Der Merwe,bongani.vandermerwe249@outlook.com,,Mbombela,18,05/05/2023
182,zanele,BOTHa, zanele.botha@outlook.com ,+27752911563,Johannesburg,11,11/02/2022
183,Tshepo,dlamini, tshepo.dlamini@icloud.com ,0658650058,durban,15,2022-01-24
184,Tshepo,naidoo,tshepo.naidoo@,27855141681,durban,44,"May 31, 2021"
185,MPHO,NKOSI, mpho.nkosi@icloud.com ,+27680333657,Mbombela,17,18/11/2020
186,PALESA,BOTHa,palesa.botha@,,POLOKWANE,,14/01/2021
187,lerato,mthembu,lerato.mthembu@,0833885596,CAPE TOWN,,2019-03-14
188,kagiso,naidoo, kagiso.naidoo@gmail.com ,,Bloemfontein,14,24/01/2019
189,zanele,mthembu, zanele.mthembu@icloud.com ,27621857051,east london,11,2023-06-12
190,Naledi,BOTHa, naledi.botha@yahoo.com ,,east london,15,"Jan 27, 2020"
191,Bongani,NKOSI,bongani.nkosi372outlook.com,0640312165,CAPE TOWN,14,"Mar 02, 2022"
192,REFILWE,pillay,refilwe.pillay537outlook.com,0711558657,Mbombela,10,"Sep 06, 2019"
193,SIPHO,BOTHa,sipho.botha709@icloud.com,+27605762626,Bloemfontein,11,"Nov 04, 2025"
194,Thabo,naidoo,thabo.naidoo510outlook.com,0876131996,Mbombela,56,"Apr 04, 2024"
195,nokuthula,mthembu,nokuthula.mthembu30@gmail.com,,east london,57,2018-09-23
196,Tshepo,Jacobs,tshepo.jacobs@,27789968982,durban,14,"Nov 25, 2024"
197,SIPHO,BOTHa,sipho.botha461icloud.com,,Johannesburg,10,2023-05-06
198,Nomsa,dlamini,nomsa.dlamini954yahoo.com,27844514279,Mbombela,,2025-04-05
199,Tshepo,pillay,tshepo.pillay424outlook.com,0860054677,CAPE TOWN,,2021-10-07
200,Thabo,Van Der Merwe, thabo.van der merwe@outlook.com ,,POLOKWANE,43,13/04/2021
201,zanele,naidoo, zanele.naidoo@yahoo.com ,0752249538,Mbombela,14,25/09/2025
202,nokuthula,Mokoena,nokuthula.mokoena723yahoo.com,0705385750,Gqeberha,46,25/03/2024
203,kagiso,naidoo, kagiso.naidoo@icloud.com ,0759586825,Pretoria,17,"Jul 19, 2024"
204,AYANDA,Jacobs, ayanda.jacobs@outlook.com ,0732204807,durban,11,2020-04-06
205,zanele,Van Der Merwe, zanele.van der merwe@gmail.com ,,CAPE TOWN,62,2022-06-02
206,Tshepo,NKOSI,tshepo.nkosi576@outlook.com,+27868631708,Bloemfontein,,"Aug 08, 2024"
207,Naledi,Van Der Merwe,naledi.van der merwe@,27670957076,durban,15,"Jul 29, 2018"
208,kagiso,pillay,kagiso.pillay675@icloud.com,+27733370007,durban,,"Mar 10, 2019"
209,Nomsa,mabaso,nomsa.mabaso415@gmail.com,27706347518,durban,10,"Jul 13, 2022"
210,Tshepo,Mokoena,tshepo.mokoena584icloud.com,27833502514,Johannesburg,25,"Jun 16, 2019"
211,PALESA,dlamini,palesa.dlamini698gmail.com,27712817603,CAPE TOWN,16,2019-02-12
212,AYANDA,mthembu,ayanda.mthembu358@icloud.com,,Gqeberha,,"Jun 20, 2018"
213,Bongani,Mokoena, bongani.mokoena@yahoo.com ,0740229362,Pretoria,52,2025-05-08
214,kagiso,BOTHa, kagiso.botha@gmail.com ,0766726762,east london,60,2018-02-07
215,Thabo,mthembu, thabo.mthembu@yahoo.com ,0760724262,Pretoria,11,2021-04-03
216,Tshepo,PRETORIUS,tshepo.pretorius614icloud.com,27661460041,Johannesburg,41,2025-07-13
217,REFILWE,Van Der Merwe,refilwe.van der merwe@,,CAPE TOWN,,"Oct 05, 2020"
218,kagiso,Van Der Merwe,kagiso.van der merwe571gmail.com,,CAPE TOWN,15,12/09/2019
219,SIPHO,PRETORIUS, sipho.pretorius@icloud.com ,27891559471,Johannesburg,11,"Oct 23, 2022"
220,MPHO,mabaso,mpho.mabaso@,+27732064060,Johannesburg,67,11/09/2022
221,lerato,PRETORIUS,lerato.pretorius105outlook.com,27699075683,POLOKWANE,32,02/11/2019
222,Bongani,Van Der Merwe,bongani.van der merwe60gmail.com,0816478339,east london,17,01/04/2024
223,MPHO,Jacobs,mpho.jacobs146@yahoo.com,,CAPE TOWN,,2023-11-17
224,PALESA,BOTHa,palesa.botha33@icloud.com,+27676859586,Gqeberha,,25/04/2025
225,Thabo,PRETORIUS,thabo.pretorius926yahoo.com,,POLOKWANE,,"Jan 23, 2025"
226,kagiso,mthembu, kagiso.mthembu@icloud.com ,+27887062364,Johannesburg,15,20/08/2018
227,MPHO,Jacobs, mpho.jacobs@outlook.com ,27760691832,Gqeberha,74,"Jul 10, 2023"
228,PALESA,KHUMALO,palesa.khumalo151@outlook.com,0823540643,east london,43,2023-06-21
229,REFILWE,naidoo,refilwe.naidoo227@outlook.com,27884958169,east london,32,"Dec 13, 2019"
230,PALESA,NKOSI,palesa.nkosi872@icloud.com,+27639445579,Gqeberha,17,"Aug 15, 2021"
231,lerato,naidoo, lerato.naidoo@gmail.com ,,Pretoria,21,"Nov 05, 2025"
232,MPHO,naidoo, mpho.naidoo@outlook.com ,+27664713159,Pretoria,11,2022-01-15
233,kagiso,mabaso,kagiso.mabaso@,0737232689,POLOKWANE,15,2020-07-14
234,Bongani,Jacobs,bongani.jacobs@,27894652477,CAPE TOWN,-55,2022-01-16
235,PALESA,KHUMALO,palesa.khumalo859@icloud.com,+27660975742,CAPE TOWN,69,"May 01, 2024"
236,REFILWE,Van Der Merwe, refilwe.van der merwe@yahoo.com ,,Johannesburg,19,"Jul 21, 2020"
237,Sibusiso,dlamini,sibusiso.dlamini77@yahoo.com,,Mbombela,0,"Apr 29, 2022"
238,Nomsa,Van Der Merwe,nomsa.van der merwe604gmail.com,,POLOKWANE,-12,19/01/2022
239,Thabo,BOTHa, thabo.botha@outlook.com ,,Johannesburg,12,2018-06-29
240,AYANDA,pillay,ayanda.pillay@,27740696482,Gqeberha,12,"Aug 20, 2025"
241,REFILWE,NKOSI,refilwe.nkosi793icloud.com,0794836056,durban,,"Mar 10, 2022"
242,kagiso,mthembu,kagiso.mthembu359icloud.com,27781041633,east london,50,21/05/2023
243,lerato,Mokoena,lerato.mokoena8icloud.com,27812640710,durban,55,"Aug 21, 2022"
244,AYANDA,Van Der Merwe,ayanda.van der merwe@,0702132814,Bloemfontein,,"Jan 05, 2022"
245,Naledi,mabaso,naledi.mabaso859@icloud.com,27748107664,Gqeberha,12,2023-01-05
246,PALESA,dlamini,palesa.dlamini49icloud.com,+27840474541,Pretoria,33,2019-04-12
247,SIPHO,NKOSI,sipho.nkosi@,27701026730,Gqeberha,10,2022-05-25
248,Nomsa,BOTHa,nomsa.botha@,27817603363,durban,21,"Jan 14, 2025"
249,MPHO,BOTHa, mpho.botha@icloud.com ,+27737985151,POLOKWANE,54,"May 12, 2021"
250,PALESA,mabaso,palesa.mabaso@,0650169893,Pretoria,,17/12/2021
251,kagiso,mthembu,kagiso.mthembu674outlook.com,+27723481969,Bloemfontein,17,24/11/2022
252,zanele,mthembu,zanele.mthembu@,,CAPE TOWN,59,2018-12-19
253,Naledi,NKOSI,naledi.nkosi640@yahoo.com,0632301529,Gqeberha,,22/03/2019
254,PALESA,Mokoena,palesa.mokoena892yahoo.com,0615592327,east london,73,19/11/2018
255,REFILWE,pillay, refilwe.pillay@yahoo.com ,+27773855849,CAPE TOWN,16,2022-01-31
256,Nomsa,Jacobs, nomsa.jacobs@icloud.com ,27616485497,Johannesburg,34,04/06/2023
257,Nomsa,BOTHa, nomsa.botha@outlook.com ,0867684568,east london,73,26/08/2022
258,SIPHO,BOTHa,sipho.botha498@yahoo.com,0771674241,Johannesburg,13,2021-12-22
259,nokuthula,KHUMALO,nokuthula.khumalo446yahoo.com,0613112591,Johannesburg,26,"May 19, 2020"
260,kagiso,NKOSI,kagiso.nkosi476icloud.com,,POLOKWANE,10,2023-05-22
261,nokuthula,PRETORIUS,nokuthula.pretorius39@yahoo.com,+27871002237,Johannesburg,21,2024-10-12
262,Sibusiso,Mokoena, sibusiso.mokoena@gmail.com ,0720211992,Gqeberha,11,19/01/2022
263,REFILWE,NKOSI,refilwe.nkosi@,27638863153,durban,,2025-03-30
264,Nomsa,mthembu,nomsa.mthembu418@outlook.com,+27743456170,east london,14,"Apr 23, 2022"
265,Naledi,mabaso,naledi.mabaso@,,Mbombela,,2021-06-02
266,REFILWE,PRETORIUS,refilwe.pretorius245@outlook.com,+27802383245,CAPE TOWN,10,18/06/2025
267,PALESA,mthembu,palesa.mthembu@,,Johannesburg,17,"Mar 06, 2022"
268,zanele,pillay,zanele.pillay845icloud.com,27811271512,POLOKWANE,13,17/01/2023
269,REFILWE,KHUMALO,refilwe.khumalo@,0855882455,CAPE TOWN,15,"Sep 20, 2023"
270,lerato,BOTHa,lerato.botha690yahoo.com,+27681849801,POLOKWANE,,21/08/2024
271,lerato,mabaso,lerato.mabaso@,27795836706,Gqeberha,,2018-08-04
272,AYANDA,pillay,ayanda.pillay@,,durban,66,2018-05-22
273,kagiso,KHUMALO,kagiso.khumalo638outlook.com,27804619331,Johannesburg,53,15/08/2019
274,Thabo,Jacobs,thabo.jacobs314outlook.com,27729832351,east london,23,2023-10-03
275,Naledi,Van Der Merwe,naledi.van der merwe@,27801716574,Johannesburg,,"Mar 08, 2021"
276,MPHO,Van Der Merwe,mpho.van der merwe@,0806887090,POLOKWANE,,2025-03-23
277,nokuthula,KHUMALO, nokuthula.khumalo@icloud.com ,+27882294814,CAPE TOWN,,26/02/2018
278,Naledi,KHUMALO,naledi.khumalo912gmail.com,0813467670,Gqeberha,10,"May 31, 2023"
279,Nomsa,pillay,nomsa.pillay948@outlook.com,,CAPE TOWN,23,2019-08-13
280,SIPHO,KHUMALO,sipho.khumalo869@yahoo.com,27707286235,east london,10,"Apr 08, 2018"
281,Naledi,Jacobs,naledi.jacobs417gmail.com,0772060952,Gqeberha,12,"Dec 08, 2022"
282,AYANDA,NKOSI,ayanda.nkosi@,,Gqeberha,16,11/06/2025
283,AYANDA,naidoo, ayanda.naidoo@icloud.com ,0738021317,durban,13,14/09/2018
284,REFILWE,KHUMALO, refilwe.khumalo@yahoo.com ,,Gqeberha,10,2022-06-29
285,zanele,NKOSI, zanele.nkosi@outlook.com ,,Bloemfontein,13,03/03/2019
286,Naledi,mabaso, naledi.mabaso@yahoo.com ,,CAPE TOWN,21,01/05/2019
287,lerato,dlamini,lerato.dlamini511yahoo.com,0713293989,durban,13,19/11/2024
288,SIPHO,naidoo,sipho.naidoo974@gmail.com,,Mbombela,10,2024-07-09
289,lerato,KHUMALO,lerato.khumalo@,27682672100,Bloemfontein,38,2018-07-22
290,Naledi,dlamini,naledi.dlamini@,0683743178,Gqeberha,62,2020-10-22
291,PALESA,Mokoena, palesa.mokoena@outlook.com ,27620837260,CAPE TOWN,13,"Feb 20, 2020"
292,SIPHO,Van Der Merwe, sipho.van der merwe@outlook.com ,0866583482,east london,14,"Jun 21, 2019"
293,nokuthula,NKOSI,nokuthula.nkosi144icloud.com,+27745585473,CAPE TOWN,18,"Apr 23, 2024"
294,AYANDA,dlamini,ayanda.dlamini342outlook.com,27732819923,POLOKWANE,,"Mar 28, 2025"
295,zanele,KHUMALO,zanele.khumalo765@gmail.com,+27686635260,Johannesburg,,"Oct 06, 2018"
296,lerato,pillay,lerato.pillay@,27687984749,durban,,"Dec 17, 2025"
297,Bongani,KHUMALO,bongani.khumalo@,+27680013705,Pretoria,,"Dec 26, 2022"
298,zanele,NKOSI,zanele.nkosi@,+27851155606,Gqeberha,34,02/11/2022
299,zanele,naidoo,zanele.naidoo931yahoo.com,+27887115647,Johannesburg,,"Feb 25, 2018"
300,Nomsa,mabaso,nomsa.mabaso90yahoo.com,,Mbombela,,2019-08-18
301,SIPHO,PRETORIUS,sipho.pretorius240yahoo.com,+27875385258,POLOKWANE,24,"Jan 31, 2019"
302,lerato,Van Der Merwe,lerato.van der merwe@,+27645098711,POLOKWANE,44,2025-01-11
303,lerato,mabaso,lerato.mabaso155outlook.com,0709381290,POLOKWANE,63,2020-08-21
304,Sibusiso,mthembu,sibusiso.mthembu@,+27637064487,POLOKWANE,68,"Sep 19, 2018"
305,kagiso,Jacobs,kagiso.jacobs823icloud.com,27739213768,Johannesburg,17,2019-05-25
306,Naledi,pillay,naledi.pillay@,27636524369,Pretoria,13,"Nov 18, 2020"
307,Nomsa,KHUMALO,nomsa.khumalo402@icloud.com,+27783958349,Pretoria,15,07/05/2019
308,nokuthula,Van Der Merwe,nokuthula.vandermerwe308@icloud.com,,Mbombela,,19/05/2024
309,zanele,naidoo,zanele.naidoo363@icloud.com,27756837025,CAPE TOWN,12,22/01/2021
310,Tshepo,mthembu,tshepo.mthembu124yahoo.com,,Bloemfontein,,2024-02-21
311,kagiso,Jacobs, kagiso.jacobs@outlook.com ,0770989827,durban,43,2024-01-19
312,Nomsa,KHUMALO,nomsa.khumalo@,,durban,14,2021-05-08
313,zanele,Jacobs,zanele.jacobs@,27758824826,Bloemfontein,16,2018-06-06
314,REFILWE,PRETORIUS, refilwe.pretorius@icloud.com ,+27795272059,Gqeberha,,2020-04-08
315,PALESA,Jacobs, palesa.jacobs@gmail.com ,+27774588083,Bloemfontein,13,"Jul 20, 2019"
316,Thabo,pillay,thabo.pillay766outlook.com,+27729782360,Mbombela,16,"Jan 26, 2025"
317,Tshepo,pillay, tshepo.pillay@outlook.com ,,Johannesburg,68,"Oct 07, 2023"
318,nokuthula,dlamini,nokuthula.dlamini316yahoo.com,,POLOKWANE,,19/07/2022
319,Nomsa,Jacobs,nomsa.jacobs@,27658211820,POLOKWANE,,19/09/2020
320,SIPHO,naidoo, sipho.naidoo@icloud.com ,0768983549,Bloemfontein,17,"Oct 02, 2019"
321,Naledi,NKOSI,naledi.nkosi@,27812354011,CAPE TOWN,34,"Jul 21, 2025"
322,Bongani,mabaso,bongani.mabaso@,0793167465,CAPE TOWN,11,31/05/2018
323,Bongani,mabaso,bongani.mabaso953@outlook.com,,Mbombela,,13/08/2021
324,nokuthula,BOTHa,nokuthula.botha@,,Bloemfontein,,2018-05-15
325,REFILWE,pillay,refilwe.pillay515@gmail.com,0832225400,Bloemfontein,68,"Jul 11, 2023"
326,Bongani,naidoo,bongani.naidoo920@outlook.com,0804517945,Mbombela,14,"Apr 06, 2025"
327,MPHO,mthembu,mpho.mthembu@,+27714397441,POLOKWANE,,"Oct 03, 2025"
328,zanele,NKOSI,zanele.nkosi859@outlook.com,0601841128,east london,,"May 26, 2019"
329,MPHO,dlamini,mpho.dlamini551@icloud.com,27720511934,POLOKWANE,39,2019-10-11
330,AYANDA,Jacobs,ayanda.jacobs229@yahoo.com,,POLOKWANE,14,"Jan 05, 2025"
331,SIPHO,pillay, sipho.pillay@icloud.com ,27799366350,Bloemfontein,17,08/07/2024
332,Sibusiso,PRETORIUS, sibusiso.pretorius@yahoo.com ,,durban,36,2020-03-24
333,Sibusiso,naidoo,sibusiso.naidoo792outlook.com,+27708004213,CAPE TOWN,,"Nov 14, 2025"
334,PALESA,mabaso,palesa.mabaso@,27687857459,POLOKWANE,37,"Jan 20, 2024"
335,kagiso,pillay,kagiso.pillay824@icloud.com,0784113295,POLOKWANE,,02/02/2025
336,nokuthula,BOTHa, nokuthula.botha@yahoo.com ,,Pretoria,14,2025-10-12
337,PALESA,Van Der Merwe, palesa.van der merwe@icloud.com ,0834440317,Johannesburg,13,"Jun 15, 2019"
338,Naledi,dlamini,naledi.dlamini833@gmail.com,+27848953462,POLOKWANE,,2018-11-05
339,Thabo,naidoo,thabo.naidoo928outlook.com,0655844316,Pretoria,17,"Jun 14, 2019"
340,Tshepo,mabaso, tshepo.mabaso@gmail.com ,,Pretoria,17,"Sep 22, 2020"
341,lerato,NKOSI, lerato.nkosi@icloud.com ,+27633684191,Mbombela,13,2018-10-02
342,Nomsa,NKOSI,nomsa.nkosi822gmail.com,,Pretoria,10,"Nov 09, 2018"
343,REFILWE,pillay,refilwe.pillay@,+27622185275,east london,11,2024-12-07
344,lerato,mthembu,lerato.mthembu631outlook.com,+27656798605,CAPE TOWN,10,2018-09-30
345,zanele,mthembu,zanele.mthembu723@gmail.com,,Johannesburg,53,"Dec 01, 2023"
346,nokuthula,KHUMALO,nokuthula.khumalo126yahoo.com,27646360272,CAPE TOWN,23,04/01/2025
347,AYANDA,Van Der Merwe,ayanda.van der merwe@,27865287197,Pretoria,18,2025-07-12
348,Tshepo,mabaso,tshepo.mabaso533icloud.com,+27844610910,Johannesburg,10,"Sep 03, 2025"
349,Tshepo,Mokoena, tshepo.mokoena@gmail.com ,27837156778,durban,,12/09/2025
350,Naledi,NKOSI,naledi.nkosi454yahoo.com,0775000725,Johannesburg,,"Jun 06, 2023"
351,REFILWE,BOTHa,refilwe.botha@,+27600929253,Gqeberha,28,02/07/2022
352,Tshepo,BOTHa,tshepo.botha@,,durban,10,"Jul 30, 2018"
353,Nomsa,pillay,nomsa.pillay664@yahoo.com,27607318595,Mbombela,63,03/03/2019
354,MPHO,PRETORIUS,mpho.pretorius708outlook.com,27783468247,Johannesburg,13,"Feb 09, 2023"
355,Tshepo,PRETORIUS,tshepo.pretorius672gmail.com,+27636470690,CAPE TOWN,11,2025-11-08
356,kagiso,NKOSI,kagiso.nkosi571gmail.com,,durban,,14/08/2022
357,Naledi,mabaso,naledi.mabaso456gmail.com,0783795665,Johannesburg,42,04/09/2023
358,Tshepo,BOTHa,tshepo.botha@,+27605264209,durban,14,2023-01-25
359,Thabo,Mokoena, thabo.mokoena@gmail.com ,+27630729102,Pretoria,,07/11/2025
360,Bongani,Mokoena,bongani.mokoena@,0891081385,POLOKWANE,,2021-11-28
361,zanele,PRETORIUS,zanele.pretorius894@yahoo.com,+27689026332,Pretoria,59,16/09/2021
362,Nomsa,PRETORIUS, nomsa.pretorius@outlook.com ,,POLOKWANE,33,19/09/2020
363,Sibusiso,NKOSI,sibusiso.nkosi471@icloud.com,,east london,,2021-01-29
364,SIPHO,naidoo,sipho.naidoo273@outlook.com,27728355091,Gqeberha,11,11/07/2023
365,PALESA,naidoo, palesa.naidoo@gmail.com ,+27632159252,Pretoria,12,2022-06-21
366,SIPHO,NKOSI, sipho.nkosi@outlook.com ,+27851512431,east london,58,18/09/2023
367,Tshepo,BOTHa,tshepo.botha123@icloud.com,+27858546528,Gqeberha,10,"Sep 28, 2020"
368,PALESA,dlamini,palesa.dlamini792icloud.com,,POLOKWANE,,"Aug 28, 2018"
369,lerato,mabaso,lerato.mabaso17icloud.com,+27644005377,Bloemfontein,46,"Aug 08, 2022"
370,kagiso,Jacobs,kagiso.jacobs962gmail.com,+27815817819,POLOKWANE,48,31/08/2020
371,zanele,mabaso, zanele.mabaso@yahoo.com ,0703295598,Bloemfontein,,25/06/2023
372,Thabo,pillay,thabo.pillay352icloud.com,0800761303,Johannesburg,14,03/12/2020
373,zanele,mthembu, zanele.mthembu@yahoo.com ,27664712192,Mbombela,12,"Jul 01, 2024"
374,kagiso,dlamini,kagiso.dlamini240icloud.com,,Bloemfontein,74,"Jan 01, 2023"
375,Naledi,NKOSI,naledi.nkosi447@gmail.com,27637868008,durban,,"Mar 12, 2025"
376,Naledi,Van Der Merwe,naledi.vandermerwe457@yahoo.com,0884765231,Mbombela,14,2021-09-25
377,Bongani,mabaso,bongani.mabaso@,27796638713,CAPE TOWN,10,13/05/2018
378,Nomsa,PRETORIUS,nomsa.pretorius@,27855199729,durban,47,2021-03-10
379,Nomsa,mthembu, nomsa.mthembu@icloud.com ,27799074916,Mbombela,,2024-08-02
380,Tshepo,naidoo,tshepo.naidoo@,0619150390,Mbombela,16,22/02/2025
381,MPHO,KHUMALO,mpho.khumalo@,,POLOKWANE,17,"Oct 26, 2025"
382,Tshepo,Mokoena, tshepo.mokoena@outlook.com ,0756866383,Pretoria,,"Aug 23, 2022"
383,AYANDA,Mokoena,ayanda.mokoena616@icloud.com,,Gqeberha,35,2025-12-18
384,SIPHO,mabaso,sipho.mabaso5yahoo.com,0693703049,Johannesburg,19,2025-01-09
385,lerato,KHUMALO,lerato.khumalo@,27787333241,Bloemfontein,,2022-04-13
386,REFILWE,NKOSI,refilwe.nkosi@,+27687219859,Johannesburg,62,01/05/2022
387,zanele,KHUMALO,zanele.khumalo193gmail.com,27806821022,Johannesburg,32,2020-09-19
388,SIPHO,Jacobs,sipho.jacobs196icloud.com,,Mbombela,26,2019-06-27
389,SIPHO,PRETORIUS, sipho.pretorius@yahoo.com ,27827352089,Johannesburg,13,2025-10-02
390,zanele,Van Der Merwe,zanele.van der merwe656icloud.com,27709863995,Bloemfontein,26,25/06/2023
391,nokuthula,BOTHa,nokuthula.botha@,27880734750,Johannesburg,67,2022-09-22
392,kagiso,mthembu,kagiso.mthembu155yahoo.com,0847903145,POLOKWANE,15,25/12/2017
393,zanele,Van Der Merwe,zanele.vandermerwe109@gmail.com,+27807783619,Bloemfontein,,13/06/2022
394,PALESA,pillay,palesa.pillay@,+27887215649,CAPE TOWN,67,16/11/2018
395,lerato,dlamini,lerato.dlamini65icloud.com,27636797103,Mbombela,51,"Aug 07, 2021"
396,SIPHO,mabaso,sipho.mabaso33@outlook.com,+27672499736,POLOKWANE,28,2023-05-01
397,Naledi,pillay,naledi.pillay@,,Gqeberha,,10/12/2017
398,Sibusiso,naidoo,sibusiso.naidoo619outlook.com,0811098484,Pretoria,11,2022-03-21
399,Thabo,Van Der Merwe, thabo.van der merwe@yahoo.com ,27692776993,Pretoria,60,2026-01-06
400,MPHO,BOTHa,mpho.botha807@outlook.com,0620144883,POLOKWANE,,20/08/2022
401,MPHO,BOTHa, mpho.botha@icloud.com ,+27752449294,Mbombela,13,"Jun 07, 2025"
402,lerato,Mokoena,lerato.mokoena@,,Mbombela,71,"Apr 30, 2023"
403,PALESA,BOTHa,palesa.botha354@yahoo.com,+27771642736,Gqeberha,,"Nov 02, 2020"
404,Bongani,naidoo,bongani.naidoo@,+27793757837,CAPE TOWN,38,21/06/2023
405,SIPHO,Jacobs,sipho.jacobs510@gmail.com,27815738597,east london,14,"Dec 05, 2018"
406,Sibusiso,BOTHa,sibusiso.botha@,+27767248255,east london,46,2018-07-21
407,Nomsa,naidoo,nomsa.naidoo@,+27891396235,east london,55,2017-12-21
408,Naledi,NKOSI,naledi.nkosi537outlook.com,0791455411,Johannesburg,15,2021-02-26
409,Naledi,PRETORIUS,naledi.pretorius953@icloud.com,27762008200,Gqeberha,,"Nov 20, 2019"
410,Thabo,PRETORIUS,thabo.pretorius620icloud.com,+27688082213,POLOKWANE,21,2020-05-09
411,REFILWE,mthembu,refilwe.mthembu524icloud.com,0714557288,east london,,"Jun 27, 2024"
412,PALESA,Van Der Merwe,palesa.van der merwe@,,Johannesburg,,2017-12-23
413,PALESA,naidoo,palesa.naidoo@,0877390366,durban,13,"Dec 04, 2017"
414,SIPHO,mabaso, sipho.mabaso@yahoo.com ,+27746317824,east london,18,"Mar 27, 2025"
415,Tshepo,pillay,tshepo.pillay328icloud.com,27891531299,Mbombela,67,2023-06-19
416,Bongani,pillay,bongani.pillay@,0762772838,Pretoria,46,"Nov 07, 2023"
417,kagiso,NKOSI,kagiso.nkosi@,,east london,,2020-03-15
418,Sibusiso,Jacobs,sibusiso.jacobs513yahoo.com,,CAPE TOWN,-9,01/04/2021
419,kagiso,mabaso, kagiso.mabaso@yahoo.com ,+27849801278,east london,121,25/01/2019
420,lerato,mthembu,lerato.mthembu973@yahoo.com,0814096346,POLOKWANE,12,30/10/2019
421,Tshepo,Mokoena,tshepo.mokoena@,27614360926,east london,,"Dec 10, 2021"
422,REFILWE,dlamini,refilwe.dlamini@,,CAPE TOWN,111,"Mar 07, 2019"
423,MPHO,Van Der Merwe,mpho.vandermerwe380@icloud.com,+27636074761,Bloemfontein,,2020-06-19
424,PALESA,pillay,palesa.pillay78@yahoo.com,0631931502,Bloemfontein,32,13/02/2021
425,SIPHO,mabaso,sipho.mabaso970@yahoo.com,0895728408,Mbombela,71,"Jun 11, 2020"
426,Naledi,pillay,naledi.pillay645@yahoo.com,+27667816406,Johannesburg,28,09/10/2025
427,PALESA,mabaso,palesa.mabaso116icloud.com,0657505802,POLOKWANE,,29/08/2024
428,kagiso,pillay, kagiso.pillay@outlook.com ,+27839528277,durban,28,"Jan 30, 2022"
429,PALESA,PRETORIUS,palesa.pretorius457@gmail.com,,east london,10,30/11/2018
430,Tshepo,pillay,tshepo.pillay881gmail.com,0676488062,Mbombela,10,"Feb 23, 2018"
431,Thabo,BOTHa, thabo.botha@yahoo.com ,,durban,38,2023-01-01
432,nokuthula,PRETORIUS,nokuthula.pretorius594@outlook.com,0740815729,Gqeberha,49,2020-07-01
433,lerato,pillay,lerato.pillay588@icloud.com,+27757887650,CAPE TOWN,55,18/10/2021
434,REFILWE,NKOSI, refilwe.nkosi@icloud.com ,27841004686,CAPE TOWN,17,2022-08-30
435,SIPHO,PRETORIUS,sipho.pretorius@,,Bloemfontein,,"May 09, 2018"
436,Sibusiso,NKOSI,sibusiso.nkosi768@yahoo.com,0628737151,POLOKWANE,58,"Feb 08, 2023"
437,Thabo,KHUMALO, thabo.khumalo@gmail.com ,0643910016,east london,17,"Feb 11, 2025"
438,AYANDA,BOTHa,ayanda.botha980yahoo.com,27868513938,POLOKWANE,28,2020-09-13
439,AYANDA,Van Der Merwe,ayanda.vandermerwe227@yahoo.com,,Pretoria,,"Jul 05, 2022"
440,Thabo,mabaso, thabo.mabaso@yahoo.com ,0858165764,Bloemfontein,11,13/06/2022
441,REFILWE,Mokoena,refilwe.mokoena921icloud.com,27743798503,CAPE TOWN,17,2022-05-02
442,kagiso,NKOSI,kagiso.nkosi@,,Bloemfontein,16,2019-11-17
443,kagiso,dlamini,kagiso.dlamini@,27666568469,east london,15,"May 01, 2018"
444,kagiso,KHUMALO,kagiso.khumalo557yahoo.com,27702231262,Bloemfontein,13,2019-06-10
445,Naledi,dlamini,naledi.dlamini567gmail.com,+27710471049,Pretoria,11,2022-10-20
446,Nomsa,PRETORIUS,nomsa.pretorius273@gmail.com,27750587075,Johannesburg,,"Jan 20, 2018"
447,zanele,Mokoena,zanele.mokoena587@yahoo.com,0720341606,CAPE TOWN,15,16/09/2021
448,PALESA,dlamini,palesa.dlamini611@icloud.com,0745172013,Mbombela,41,28/05/2025
449,MPHO,mthembu, mpho.mthembu@yahoo.com ,0796212370,POLOKWANE,,2019-12-03
450,lerato,Mokoena,lerato.mokoena153gmail.com,+27666997168,Gqeberha,,2019-12-03
451,PALESA,dlamini,palesa.dlamini433yahoo.com,27729875728,Pretoria,157,31/05/2019
452,Naledi,BOTHa, naledi.botha@gmail.com ,0626279890,Johannesburg,56,28/03/2025
453,SIPHO,BOTHa,sipho.botha347@gmail.com,,Pretoria,61,05/08/2022
454,kagiso,NKOSI, kagiso.nkosi@yahoo.com ,0867234234,Johannesburg,,2025-06-25
455,zanele,mabaso,zanele.mabaso523icloud.com,,Bloemfontein,60,29/04/2023
456,Thabo,mabaso,thabo.mabaso678icloud.com,+27654209167,Gqeberha,,2022-04-05
457,AYANDA,PRETORIUS,ayanda.pretorius@,,Mbombela,22,2025-03-24
458,zanele,naidoo,zanele.naidoo@,,Bloemfontein,11,"Jun 16, 2020"
459,nokuthula,KHUMALO,nokuthula.khumalo@,0854215493,CAPE TOWN,48,"Aug 13, 2018"
460,Thabo,mabaso,thabo.mabaso593gmail.com,0660605353,Johannesburg,,"Feb 08, 2024"
461,Bongani,BOTHa, bongani.botha@outlook.com ,0835031765,Johannesburg,11,2021-03-09
462,Tshepo,Mokoena,tshepo.mokoena@,+27662807413,Pretoria,18,2022-01-19
463,Bongani,Van Der Merwe,bongani.van der merwe@,27705515749,Gqeberha,17,2022-03-27
464,kagiso,BOTHa,kagiso.botha635outlook.com,+27869986092,Mbombela,45,20/01/2020
465,AYANDA,NKOSI, ayanda.nkosi@outlook.com ,,Gqeberha,,2018-01-26
466,Bongani,Van Der Merwe, bongani.van der merwe@outlook.com ,27792170554,east london,,2018-09-06
467,Bongani,naidoo, bongani.naidoo@outlook.com ,+27796735749,POLOKWANE,41,"Feb 10, 2021"
468,zanele,PRETORIUS,zanele.pretorius@,,CAPE TOWN,,14/11/2024
469,Nomsa,Van Der Merwe, nomsa.van der merwe@gmail.com ,,Bloemfontein,,"Apr 16, 2024"
470,lerato,mabaso,lerato.mabaso361outlook.com,+27632570092,durban,,2021-04-06
471,lerato,BOTHa,lerato.botha115@outlook.com,27813394673,Johannesburg,43,2021-10-06
472,PALESA,BOTHa,palesa.botha780@outlook.com,0668042868,Pretoria,,2024-11-30
473,PALESA,naidoo,palesa.naidoo483outlook.com,+27665113245,Gqeberha,47,19/08/2023
474,AYANDA,pillay,ayanda.pillay@,27662278802,Mbombela,33,"Apr 11, 2022"
475,Nomsa,pillay,nomsa.pillay533@outlook.com,,Johannesburg,,"Jun 18, 2023"
476,MPHO,Mokoena, mpho.mokoena@icloud.com ,,CAPE TOWN,37,2018-03-30
477,SIPHO,NKOSI,sipho.nkosi189@outlook.com,,Bloemfontein,15,"Nov 19, 2021"
478,lerato,NKOSI, lerato.nkosi@gmail.com ,0755824608,Pretoria,,"Apr 03, 2022"
479,MPHO,mthembu,mpho.mthembu@,+27752463269,POLOKWANE,60,"May 02, 2022"
480,Bongani,NKOSI,bongani.nkosi@,27612168123,Pretoria,43,2018-08-03
481,Tshepo,mthembu, tshepo.mthembu@outlook.com ,0738710485,east london,15,2025-05-13
482,Naledi,naidoo,naledi.naidoo@,,Pretoria,52,2018-10-13
483,PALESA,Mokoena,palesa.mokoena@,27692150463,Bloemfontein,12,"Aug 06, 2020"
484,MPHO,NKOSI,mpho.nkosi281outlook.com,0707977576,east london,15,07/08/2024
485,Sibusiso,KHUMALO,sibusiso.khumalo842gmail.com,0643372916,Bloemfontein,69,2020-03-06
486,Thabo,Jacobs,thabo.jacobs451gmail.com,0886010536,Pretoria,15,2025-09-22
487,kagiso,BOTHa,kagiso.botha932@gmail.com,0664859381,Bloemfontein,,2025-01-14
488,Sibusiso,Jacobs,sibusiso.jacobs@,27631628165,Pretoria,11,29/10/2019
489,MPHO,Jacobs,mpho.jacobs392icloud.com,0844778166,Bloemfontein,35,23/03/2018
490,Naledi,dlamini,naledi.dlamini98yahoo.com,27847764635,Gqeberha,10,29/01/2018
491,Naledi,naidoo,naledi.naidoo356icloud.com,0683916097,Mbombela,17,2023-09-01
492,Tshepo,mabaso,tshepo.mabaso362gmail.com,+27741565211,east london,16,2019-07-12
493,kagiso,pillay,kagiso.pillay894@outlook.com,0674003871,durban,11,18/02/2021
494,Naledi,PRETORIUS, naledi.pretorius@yahoo.com ,0683822951,Gqeberha,,"Jul 16, 2023"
495,Bongani,pillay, bongani.pillay@outlook.com ,0653557784,durban,,"Oct 10, 2018"
496,Sibusiso,NKOSI,sibusiso.nkosi953@yahoo.com,,Pretoria,14,2019-05-08
497,MPHO,Mokoena,mpho.mokoena@,+27799527364,durban,62,"Mar 09, 2023"
498,nokuthula,mabaso,nokuthula.mabaso62@gmail.com,+27705994603,Bloemfontein,,2020-07-12
499,AYANDA,dlamini,ayanda.dlamini@,0719816834,Mbombela,25,25/09/2024
500,PALESA,NKOSI, palesa.nkosi@icloud.com ,27712212828,Johannesburg,,"Sep 17, 2018"